89.9218640327,217,48339.4248294,23936.147861,40063.6914448,536.017183783,-187500.022352,-187500.022352,-187500.022352,-187500.022352,
89.9319770336,218,48345.236283,23927.4977359,40058.7517093,551.462239201,-187500.022352,-187500.022352,-187500.022352,-187500.022352,
89.9960820675,219,48338.8436841,23908.2752357,40050.2133429,536.732439605,-187500.022352,-187500.022352,-187500.022352,-187500.022352,
90.0194020271,220,48347.3149952,23891.7349448,40050.034529,530.205730224,-187500.022352,-187500.022352,-187500.022352,-187500.022352,
90.061273098,221,48372.5948182,23887.2869476,40053.0743662,545.449619943,-187500.022352,-187500.022352,-187500.022352,-187500.022352,
90.0674960613,222,48395.527708,23883.3083371,40048.7604795,555.463201459,-187500.022352,-187500.022352,-187500.022352,-187500.022352,
90.0755181313,223,48401.9426587,23871.8195405,40046.8605813,551.931625835,-187500.022352,-187500.022352,-187500.022352,-187500.022352,
90.0820200443,224,48405.4518825,23861.3589241,40051.0627092,554.077393303,-187500.022352,-187500.022352,-187500.022352,-187500.022352,
90.1056370735,225,48424.8084932,23853.7146275,40049.3863284,567.264922531,-187500.022352,-187500.022352,-187500.022352,-187500.022352,
90.1561880112,226,48445.5062086,23848.596078,40046.3017877,569.835373144,-187500.022352,-187500.022352,-187500.022352,-187500.022352,
90.1646809578,227,48454.9833482,23840.3259325,40046.1453254,572.87521039,-187500.022352,-187500.022352,-187500.022352,-187500.022352,
90.1870970726,228,48447.9425487,23836.1461563,40047.9781685,571.422347,-187500.022352,-187500.022352,-187500.022352,-187500.022352,
90.2456259727,229,48454.4692581,23835.4309005,40050.9733022,575.624474958,-187500.022352,-187500.022352,-187500.022352,-187500.022352,
90.2529780865,230,48467.8132496,23828.6806737,40046.4806016,575.244495302,-187500.022352,-187500.022352,-187500.022352,-187500.022352,
90.2584240437,231,48481.336055,23831.2287725,40051.8226685,584.945152395,-187500.022352,-187500.022352,-187500.022352,-187500.022352,
90.2751631737,232,48483.1465463,23835.9226389,40056.7624041,591.382454799,-187500.022352,-187500.022352,-187500.022352,-187500.022352,
90.3161110878,233,48490.7908429,23834.246258,40057.3211977,597.976219413,-187500.022352,-187500.022352,-187500.022352,-187500.022352,
90.3226490021,234,48490.7461394,23825.9090574,40053.3202354,601.798367715,-187500.022352,-187500.022352,-187500.022352,-187500.022352,
90.334747076,235,48486.5887149,23820.43288,40049.2745697,593.863498433,-187500.022352,-187500.022352,-187500.022352,-187500.022352,
90.3829240799,236,48494.8365086,23824.4114905,40053.2308284,592.522393766,-187500.022352,-187500.022352,-187500.022352,-187500.022352,
90.390789032,237,48502.0337703,23821.3269498,40054.5719331,603.921783438,-187500.022352,-187500.022352,-187500.022352,-187500.022352,
90.4389710426,238,48509.1639768,23812.386252,40043.1501917,604.972315427,-187500.022352,-187500.022352,-187500.022352,-187500.022352,
90.4500901699,239,48510.7509507,23812.2744933,40042.859619,598.691475235,-187500.022352,-187500.022352,-187500.022352,-187500.022352,
90.4567201138,240,48505.207718,23811.8498101,40045.5194766,589.817832687,-187500.022352,-187500.022352,-187500.022352,-187500.022352,
91.1036260128,242,48537.0589539,23814.5990747,40050.995654,611.677838764,-187500.022352,-187500.022352,-187500.022352,-187500.022352,
91.1840801239,243,48513.2766978,23807.7147374,40044.1783719,604.994667172,-187500.022352,-187500.022352,-187500.022352,-187500.022352,
91.2150781155,244,48516.3835903,23813.5261909,40048.3581481,605.642867761,-187500.022352,-187500.022352,-187500.022352,-187500.022352,
91.285228014,245,48527.5818142,23812.6991764,40048.983997,605.48640555,-187500.022352,-187500.022352,-187500.022352,-187500.022352,
91.2917261124,246,48535.3378696,23807.9382548,40045.1171452,609.509719552,-187500.022352,-187500.022352,-187500.022352,-187500.022352,
91.2984991074,247,48545.5973203,23807.6923856,40044.0219097,611.610783531,-187500.022352,-187500.022352,-187500.022352,-187500.022352,
91.3044819832,248,48539.0706109,23810.195781,40048.4252034,599.183213613,-187500.022352,-187500.022352,-187500.022352,-187500.022352,
91.3374650478,249,48540.9705092,23812.0733276,40048.6487208,600.032579903,-187500.022352,-187500.022352,-187500.022352,-187500.022352,
91.3844151497,250,48550.9617389,23815.8060689,40052.0238342,615.745856255,-187500.022352,-187500.022352,-187500.022352,-187500.022352,
91.3925640583,251,48549.8665035,23810.6651676,40046.2347324,605.352295083,-187500.022352,-187500.022352,-187500.022352,-187500.022352,
91.4485871792,252,48552.5263611,23812.8332869,40045.8771045,590.667198976,-187500.022352,-187500.022352,-187500.022352,-187500.022352,
91.4549090862,253,48550.3805936,23819.0470718,40053.7002151,590.846012932,-187500.022352,-187500.022352,-187500.022352,-187500.022352,
91.4641020298,254,48546.9384249,23819.1588305,40055.018968,594.914030422,-187500.022352,-187500.022352,-187500.022352,-187500.022352,
91.4713201523,255,48555.3426809,23815.5154962,40051.1074127,594.355236811,-187500.022352,-187500.022352,-187500.022352,-187500.022352,
91.4796881676,0,48575.2580852,23817.5495049,40053.7225668,592.164765854,-187500.022352,-187500.022352,-187500.022352,-187500.022352,
91.5387511253,142,48524.6537357,23857.3356101,40090.2900207,649.295824682,-187500.022352,-187500.022352,-187500.022352,-187500.022352,
91.5686030388,143,48514.1484158,23844.1480808,40076.6778084,654.369670674,-187500.022352,-187500.022352,-187500.022352,-187500.022352,
91.6021809578,144,48497.4069592,23838.1578133,40070.1063955,650.301653183,-187500.022352,-187500.022352,-187500.022352,-187500.022352,
91.6197111607,145,48522.1503403,23846.0926826,40076.7001601,638.455228621,-187500.022352,-187500.022352,-187500.022352,-187500.022352,
91.6452441216,146,48543.3621458,23848.3949123,40076.7448636,632.509664596,-187500.022352,-187500.022352,-187500.022352,-187500.022352,
91.6832370758,147,48516.8753286,23841.8905547,40069.4581949,641.048030978,-187500.022352,-187500.022352,-187500.022352,-187500.022352,
91.7109060287,148,48472.0824328,23826.7137202,40057.9470465,641.182141445,-187500.022352,-187500.022352,-187500.022352,-187500.022352,
91.7475509644,149,48482.4312904,23832.1228423,40061.5009739,637.69526931,-187500.022352,-187500.022352,-187500.022352,-187500.022352,
91.774597168,150,48508.0016861,23835.0062174,40064.6302181,637.561158843,-187500.022352,-187500.022352,-187500.022352,-187500.022352,
91.7957241535,151,48501.8996599,23830.1558888,40064.2278867,655.040223007,-187500.022352,-187500.022352,-187500.022352,-187500.022352,
91.833974123,152,48481.5595724,23810.9780921,40045.6088836,642.657356579,-187500.022352,-187500.022352,-187500.022352,-187500.022352,
91.8708381653,153,48495.23884,23810.0616705,40045.6982906,633.98487973,-187500.022352,-187500.022352,-187500.022352,-187500.022352,
91.9129049778,154,48503.9783721,23820.0081968,40056.7624041,626.273527893,-187500.022352,-187500.022352,-187500.022352,-187500.022352,
91.9625811577,155,48504.336,23828.2783423,40060.0481105,628.933385483,-187500.022352,-187500.022352,-187500.022352,-187500.022352,
91.9688160419,156,48492.7354446,23822.9139236,40054.0801947,634.454266364,-187500.022352,-187500.022352,-187500.022352,-187500.022352,
91.9942660332,157,48495.7082266,23817.5718567,40055.1977819,626.228824404,-187500.022352,-187500.022352,-187500.022352,-187500.022352,
92.0492789745,158,48514.1931193,23824.0091591,40063.2444099,623.680725536,-187500.022352,-187500.022352,-187500.022352,-187500.022352,
92.0555889606,159,48512.9190699,23826.0878713,40066.9324478,630.453304106,-187500.022352,-187500.022352,-187500.022352,-187500.022352,
92.089990139,160,48513.9248984,23826.1772783,40065.7254536,637.717621054,-187500.022352,-187500.022352,-187500.022352,-187500.022352,
92.1021549702,161,48520.6304217,23825.8420021,40064.5855146,641.584472845,-187500.022352,-187500.022352,-187500.022352,-187500.022352,
92.1355381012,162,48519.1775583,23833.5086505,40069.1452705,635.258929164,-187500.022352,-187500.022352,-187500.022352,-187500.022352,
92.164525032,163,48501.452625,23835.4309005,40069.100567,630.073324451,-187500.022352,-187500.022352,-187500.022352,-187500.022352,
92.2009880543,164,48492.0648923,23831.9887319,40068.3629594,640.735106556,-187500.022352,-187500.022352,-187500.022352,-187500.022352,
92.2067201138,165,48496.7811104,23817.4824497,40057.7458808,632.330850641,-187500.022352,-187500.022352,-187500.022352,-187500.022352,
92.2395219803,166,48510.7509507,23819.2258858,40061.2774564,627.122894183,-187500.022352,-187500.022352,-187500.022352,-187500.022352,
92.279127121,167,48498.7704156,23818.5553334,40055.1977819,621.512606324,-187500.022352,-187500.022352,-187500.022352,-187500.022352,
92.2917160988,168,48501.6761424,23815.6943102,40054.8178023,633.58254833,-187500.022352,-187500.022352,-187500.022352,-187500.022352,
92.3007321358,169,48484.8899823,23809.3017112,40047.3523196,634.498969853,-187500.022352,-187500.022352,-187500.022352,-187500.022352,
92.3502621651,170,48492.6907411,23809.6369874,40045.0277382,620.506777824,-187500.022352,-187500.022352,-187500.022352,-187500.022352,
92.371489048,171,48489.5838487,23822.2210195,40056.851811,624.463036592,-187500.022352,-187500.022352,-187500.022352,-187500.022352,
92.4276940823,172,48499.5080232,23821.6622259,40060.0704622,645.026641491,-187500.022352,-187500.022352,-187500.022352,-187500.022352,
92.4377810955,173,48491.1037673,23806.7983159,40049.0063487,651.799220061,-187500.022352,-187500.022352,-187500.022352,-187500.022352,
92.4440021515,174,48511.8908896,23816.5213247,40052.9626075,642.746763557,-187500.022352,-187500.022352,-187500.022352,-187500.022352,
92.453453064,175,48524.1396456,23828.1665836,40063.4679274,636.756496043,-187500.022352,-187500.022352,-187500.022352,-187500.022352,
92.5009450912,176,48521.7033054,23835.0285691,40066.0160263,650.368708416,-187500.022352,-187500.022352,-187500.022352,-187500.022352,
92.5182411671,177,48489.5614969,23825.9314091,40060.1598692,651.978034017,-187500.022352,-187500.022352,-187500.022352,-187500.022352,
92.5238080025,178,48477.4468514,23823.1374411,40060.7633663,650.078135738,-187500.022352,-187500.022352,-187500.022352,-187500.022352,
92.5297529697,179,48503.8666134,23832.6145807,40069.9946368,646.814781048,-187500.022352,-187500.022352,-187500.022352,-187500.022352,
92.5768229961,180,48533.1921021,23835.1403278,40074.3532269,662.125726,-187500.022352,-187500.022352,-187500.022352,-187500.022352,
92.6074910164,181,48533.8403027,23832.1675458,40073.3473984,670.798202848,-187500.022352,-187500.022352,-187500.022352,-187500.022352,
92.6163671017,182,48525.8160264,23835.0956243,40078.8012241,668.227752236,-187500.022352,-187500.022352,-187500.022352,-187500.022352,
92.624309063,183,48519.6022415,23848.1490431,40083.3162765,655.643720108,-187500.022352,-187500.022352,-187500.022352,-187500.022352,
92.630300045,184,48534.9802417,23853.5358135,40088.3230672,656.604845119,-187500.022352,-187500.022352,-187500.022352,-187500.022352,
92.668140173,185,48544.9267679,23840.6165052,40080.6787706,662.215132977,-187500.022352,-187500.022352,-187500.022352,-187500.022352,
92.6869351864,186,48556.728489,23837.1072813,40073.9285438,660.337586443,-187500.022352,-187500.022352,-187500.022352,-187500.022352,
92.6961109638,187,48532.8568259,23849.7583687,40080.6564189,652.134496228,-187500.022352,-187500.022352,-187500.022352,-187500.022352,
92.7441830635,188,48522.4185613,23860.0401712,40094.7380179,655.978996274,-187500.022352,-187500.022352,-187500.022352,-187500.022352,
92.7807271481,189,48518.3952473,23847.0091041,40090.0665033,663.243313222,-187500.022352,-187500.022352,-187500.022352,-187500.022352,
92.7884840965,190,48516.2271281,23844.2374878,40087.5854597,662.796278333,-187500.022352,-187500.022352,-187500.022352,-187500.022352,
92.800989151,191,48533.6614887,23844.9527436,40083.8527183,649.496990382,-187500.022352,-187500.022352,-187500.022352,-187500.022352,
92.8684060574,192,48559.701271,23853.4464065,40092.3910847,651.799220061,-187500.022352,-187500.022352,-187500.022352,-187500.022352,
92.9004249573,193,48544.8820644,23849.2219268,40093.1286923,663.600941134,-187500.022352,-187500.022352,-187500.022352,-187500.022352,
92.9161000252,194,48529.1240846,23840.3482843,40085.3055817,663.7350516,-187500.022352,-187500.022352,-187500.022352,-187500.022352,
92.9509801865,195,48517.2329566,23840.9741331,40084.2774015,648.98290026,-187500.022352,-187500.022352,-187500.022352,-187500.022352,
92.9829661846,196,48530.1969683,23849.3336856,40092.0781603,652.313310184,-187500.022352,-187500.022352,-187500.022352,-187500.022352,
92.9890911579,197,48528.6770497,23855.0780839,40095.4756255,660.114068999,-187500.022352,-187500.022352,-187500.022352,-187500.022352,
92.9977860451,198,48534.6449655,23852.1276536,40095.0509423,666.953702802,-187500.022352,-187500.022352,-187500.022352,-187500.022352,
93.0115010738,199,48540.3446603,23845.2656681,40090.178262,665.925522557,-187500.022352,-187500.022352,-187500.022352,-187500.022352,
93.0259771347,200,48563.8810472,23846.9644006,40089.6641719,660.628159121,-187500.022352,-187500.022352,-187500.022352,-187500.022352,
93.0349721909,201,48567.0326432,23848.4619675,40093.8662999,668.563028403,-187500.022352,-187500.022352,-187500.022352,-187500.022352,
93.0433621407,202,48530.5322445,23848.2608018,40094.6262592,675.179144761,-187500.022352,-187500.022352,-187500.022352,-187500.022352,
93.103000164,203,48514.394285,23853.5358135,40101.3317825,663.489182411,-187500.022352,-187500.022352,-187500.022352,-187500.022352,
93.1087291241,204,48531.5157213,23861.1354066,40109.5572245,662.505705655,-187500.022352,-187500.022352,-187500.022352,-187500.022352,
93.1170840263,205,48541.9539859,23859.3249153,40104.6845442,674.150964517,-187500.022352,-187500.022352,-187500.022352,-187500.022352,
93.1247730255,206,48546.9831284,23852.9993716,40100.236547,677.168450018,-187500.022352,-187500.022352,-187500.022352,-187500.022352,
93.1425290108,207,48559.1648292,23857.3356101,40103.1646255,672.720452871,-187500.022352,-187500.022352,-187500.022352,-187500.022352,
93.1965911388,208,48573.5146491,23868.4220753,40111.6582884,673.994502305,-187500.022352,-187500.022352,-187500.022352,-187500.022352,
93.2053370476,209,48570.6312741,23874.0547149,40118.2520531,690.22186878,-187500.022352,-187500.022352,-187500.022352,-187500.022352,
93.2181410789,210,48541.7528202,23865.0469619,40112.7982274,694.044017082,-187500.022352,-187500.022352,-187500.022352,-187500.022352,
93.260931015,211,48511.51091,23862.2529939,40105.7574279,686.600886178,-187500.022352,-187500.022352,-187500.022352,-187500.022352,
93.307005167,212,48510.9074129,23869.7855317,40104.259861,667.221923735,-187500.022352,-187500.022352,-187500.022352,-187500.022352,
93.3425719738,213,48538.9141487,23863.0800084,40100.6388784,658.661205609,-187500.022352,-187500.022352,-187500.022352,-187500.022352,
93.370593071,214,48534.9131864,23844.1704326,40086.9819626,650.413411905,-187500.022352,-187500.022352,-187500.022352,-187500.022352,
93.419560194,215,48526.6653927,23838.448386,40077.4154159,645.965414758,-187500.022352,-187500.022352,-187500.022352,-187500.022352,
93.4465279579,216,48521.7033054,23844.4386535,40087.7195701,639.192836188,-187500.022352,-187500.022352,-187500.022352,-187500.022352,
93.4905700684,217,48525.8830817,23844.1704326,40094.6262592,636.600033832,-187500.022352,-187500.022352,-187500.022352,-187500.022352,
93.5011429787,218,48512.9190699,23834.9615139,40085.1491195,644.020812991,-187500.022352,-187500.022352,-187500.022352,-187500.022352,
93.5552871227,219,48517.8364537,23839.7894907,40089.038323,647.597092104,-187500.022352,-187500.022352,-187500.022352,-187500.022352,
93.6002750397,220,48506.7723402,23840.7059122,40088.7701021,648.044126993,-187500.022352,-187500.022352,-187500.022352,-187500.022352,
93.6086201668,221,48508.5604797,23841.3988163,40087.4066457,645.563083358,-187500.022352,-187500.022352,-187500.022352,-187500.022352,
93.6221241951,222,48517.0317909,23846.3162001,40090.5582417,661.969263788,-187500.022352,-187500.022352,-187500.022352,-187500.022352,
93.6766130924,223,48504.8277384,23834.5591825,40082.1763375,665.120859757,-187500.022352,-187500.022352,-187500.022352,-187500.022352,
93.7667529583,224,48498.1669185,23837.666075,40082.6680759,649.496990382,-187500.022352,-187500.022352,-187500.022352,-187500.022352,
93.7916619778,225,48524.6984392,23850.607735,40097.1967098,650.324004927,-187500.022352,-187500.022352,-187500.022352,-187500.022352,
93.8068599701,226,48520.1833868,23844.2598396,40091.4970149,656.76130733,-187500.022352,-187500.022352,-187500.022352,-187500.022352,
93.8488199711,227,48503.8889651,23830.2676475,40078.4212444,660.404641677,-187500.022352,-187500.022352,-187500.022352,-187500.022352,
93.8849241734,228,48505.3194768,23832.1898976,40074.5767444,647.53003687,-187500.022352,-187500.022352,-187500.022352,-187500.022352,
93.8908920288,229,48496.378779,23842.7846244,40082.4669102,635.460094864,-187500.022352,-187500.022352,-187500.022352,-187500.022352,
93.9025809765,230,48490.8355464,23838.6495517,40081.3269712,639.930443755,-187500.022352,-187500.022352,-187500.022352,-187500.022352,
93.9203100204,231,48502.7266744,23823.9644556,40071.8945351,645.496028125,-187500.022352,-187500.022352,-187500.022352,-187500.022352,
93.9504711628,232,48495.7529301,23827.250162,40075.5155177,644.981938002,-187500.022352,-187500.022352,-187500.022352,-187500.022352,
93.983577013,233,48497.5634214,23838.7613104,40081.6622474,643.730240313,-187500.022352,-187500.022352,-187500.022352,-187500.022352,
93.9914779663,234,48521.6809537,23840.1247668,40084.232698,650.480467138,-187500.022352,-187500.022352,-187500.022352,-187500.022352,
93.9995191097,235,48521.8150642,23831.5864005,40078.5330032,655.286092196,-187500.022352,-187500.022352,-187500.022352,-187500.022352,
94.0317590237,236,48482.3642352,23824.456194,40072.0062938,648.424106648,-187500.022352,-187500.022352,-187500.022352,-187500.022352,
94.0796761513,237,48486.052273,23838.3142755,40081.8857648,646.367746159,-187500.022352,-187500.022352,-187500.022352,-187500.022352,
94.1065499783,238,48488.9356481,23838.448386,40081.5504887,646.658318836,-187500.022352,-187500.022352,-187500.022352,-187500.022352,
94.1146991253,239,48503.2631163,23832.4581185,40081.0587503,668.920656314,-187500.022352,-187500.022352,-187500.022352,-187500.022352,
94.1210930347,240,48487.2592672,23825.6855399,40078.4435962,666.596074891,-187500.022352,-187500.022352,-187500.022352,-187500.022352,
94.1364381313,241,48485.8064039,23829.0830051,40078.4435962,651.64275785,-187500.022352,-187500.022352,-187500.022352,-187500.022352,
94.1927649975,242,48523.6926107,23843.6563425,40090.4911864,659.398813176,-187500.022352,-187500.022352,-187500.022352,-187500.022352,
94.2100930214,243,48521.0104014,23836.8390604,40085.9537823,664.38325219,-187500.022352,-187500.022352,-187500.022352,-187500.022352,
94.2419350147,244,48492.8695551,23828.9712464,40075.2696485,658.884723054,-187500.022352,-187500.022352,-187500.022352,-187500.022352,
94.2944331169,245,48493.8753836,23834.8497552,40078.7341689,655.531961385,-187500.022352,-187500.022352,-187500.022352,-187500.022352,
94.3030071259,246,48491.3496365,23835.5873627,40079.0470933,648.222940948,-187500.022352,-187500.022352,-187500.022352,-187500.022352,
94.3104641438,247,48481.8724968,23827.0266446,40071.1792792,651.754516572,-187500.022352,-187500.022352,-187500.022352,-187500.022352,
94.3169469833,248,48487.5498399,23822.1092608,40066.5077646,658.795316076,-187500.022352,-187500.022352,-187500.022352,-187500.022352,
94.3630421162,249,48500.8938314,23826.19963,40069.8158228,655.308443941,-187500.022352,-187500.022352,-187500.022352,-187500.022352,
94.3792171478,250,48517.8588054,23834.9168104,40077.7059886,647.552388615,-187500.022352,-187500.022352,-187500.022352,-187500.022352,
94.386660099,251,48513.254346,23837.308447,40081.6845991,655.129629985,-187500.022352,-187500.022352,-187500.022352,-187500.022352,
94.4261050224,252,48487.9074678,23825.0373393,40071.6710176,653.922635784,-187500.022352,-187500.022352,-187500.022352,-187500.022352,
94.4453890324,253,48484.7111684,23827.4960312,40075.4261107,641.137437956,-187500.022352,-187500.022352,-187500.022352,-187500.022352,
94.4775211811,254,48499.9774098,23839.4542145,40086.2667067,645.294862425,-187500.022352,-187500.022352,-187500.022352,-187500.022352,
94.49071908,255,48523.580852,23840.5047465,40086.5125759,650.949853772,-187500.022352,-187500.022352,-187500.022352,-187500.022352,
94.4989771843,0,48499.1056918,23829.4853365,40082.3551515,651.866275295,-187500.022352,-187500.022352,-187500.022352,-187500.022352,
94.5614130497,1,48479.3467497,23826.9819411,40077.4824712,645.786600803,-187500.022352,-187500.022352,-187500.022352,-187500.022352,
94.5700051785,2,48497.250497,23837.666075,40081.2822677,637.561158843,-187500.022352,-187500.022352,-187500.022352,-187500.022352,
94.5774891376,3,48514.9977821,23845.1986128,40090.0665033,654.30261544,-187500.022352,-187500.022352,-187500.022352,-187500.022352,
94.5845310688,4,48512.5390902,23835.5426592,40083.271573,655.263740452,-187500.022352,-187500.022352,-187500.022352,-187500.022352,
94.6238641739,5,48509.6110117,23835.3414935,40081.349323,651.151019472,-187500.022352,-187500.022352,-187500.022352,-187500.022352,
94.6710951328,6,48492.3778167,23836.7049499,40080.6340671,640.578644345,-187500.022352,-187500.022352,-187500.022352,-187500.022352,
94.682831049,7,48488.6674271,23846.0926826,40092.2122708,643.752592057,-187500.022352,-187500.022352,-187500.022352,-187500.022352,
94.7161660194,8,48503.2184128,23843.2316593,40093.419265,657.655377108,-187500.022352,-187500.022352,-187500.022352,-187500.022352,
95.2948219776,10,48506.3029535,23843.0975489,40094.0227621,637.225882676,-187500.022352,-187500.022352,-187500.022352,-187500.022352,
95.3669359684,11,48505.386532,23850.5406798,40098.2695935,639.237539677,-187500.022352,-187500.022352,-187500.022352,-187500.022352,
95.3903851509,12,48498.6139534,23848.1490431,40098.4707592,655.442554407,-187500.022352,-187500.022352,-187500.022352,-187500.022352,
95.4477040768,13,48500.7150174,23848.7078367,40097.8225586,657.81183932,-187500.022352,-187500.022352,-187500.022352,-187500.022352,
95.4561741352,14,48511.6897239,23847.7467117,40092.9498783,641.517417612,-187500.022352,-187500.022352,-187500.022352,-187500.022352,
95.4625389576,15,48520.7868839,23857.5367758,40101.4211895,643.529074613,-187500.022352,-187500.022352,-187500.022352,-187500.022352,
95.4894061089,16,48527.2688898,23866.8351015,40109.8477971,660.717566099,-187500.022352,-187500.022352,-187500.022352,-187500.022352,
95.5226559639,17,48510.3039158,23860.1742816,40101.7117622,665.18791499,-187500.022352,-187500.022352,-187500.022352,-187500.022352,
95.5305051804,18,48524.8772532,23858.2073281,40100.2141953,650.346356672,-187500.022352,-187500.022352,-187500.022352,-187500.022352,
95.5379309654,19,48543.2280354,23870.5231393,40106.5844424,648.446458393,-187500.022352,-187500.022352,-187500.022352,-187500.022352,
95.5607509613,20,48518.6187647,23870.724305,40109.0431343,659.532923643,-187500.022352,-187500.022352,-187500.022352,-187500.022352,
95.601072073,21,48487.6168952,23859.8837089,40101.5552999,666.819592335,-187500.022352,-187500.022352,-187500.022352,-187500.022352,
95.610394001,22,48509.2980873,23868.712648,40110.8759774,660.806973077,-187500.022352,-187500.022352,-187500.022352,-187500.022352,
95.6170301437,23,48533.6167852,23884.6494418,40125.2705008,660.516400399,-187500.022352,-187500.022352,-187500.022352,-187500.022352,
95.6378350258,24,48543.1833319,23891.2879099,40129.7408497,665.232618479,-187500.022352,-187500.022352,-187500.022352,-187500.022352,
95.7053129673,165,48691.3753976,23611.1758484,39926.8317135,761.81450627,-187500.022352,-187500.022352,-187500.022352,-187500.022352,
95.7130150795,166,48664.2627316,23594.1214674,39911.7666378,771.783384297,-187500.022352,-187500.022352,-187500.022352,-187500.022352,
95.7901229858,167,48649.8905599,23584.2419963,39898.5567568,750.079840431,-187500.022352,-187500.022352,-187500.022352,-187500.022352,
95.841709137,168,48659.9488449,23589.3381941,39899.5625853,726.163473864,-187500.022352,-187500.022352,-187500.022352,-187500.022352,
95.8836221695,169,48668.1519351,23592.3556796,39903.6529545,736.087648402,-187500.022352,-187500.022352,-187500.022352,-187500.022352,
95.8914020061,170,48669.3142258,23583.9961271,39898.9143847,751.37624161,-187500.022352,-187500.022352,-187500.022352,-187500.022352,
95.8993821144,171,48669.5153915,23576.5082927,39889.8395765,746.525913063,-187500.022352,-187500.022352,-187500.022352,-187500.022352,
95.9102401733,172,48668.3083973,23578.4305428,39890.2419079,720.799055195,-187500.022352,-187500.022352,-187500.022352,-187500.022352,
95.9667751789,173,48667.4143276,23586.2983568,39897.2603556,717.490997015,-187500.022352,-187500.022352,-187500.022352,-187500.022352,
95.9846839905,174,48657.8030774,23588.9135109,39899.3390679,738.546340292,-187500.022352,-187500.022352,-187500.022352,-187500.022352,
95.996984005,175,48648.6388622,23577.536473,39889.1466724,735.059468157,-187500.022352,-187500.022352,-187500.022352,-187500.022352,
96.0545940399,176,48653.6903565,23584.1078859,39892.0076957,714.361752792,-187500.022352,-187500.022352,-187500.022352,-187500.022352,
96.0605180264,177,48669.4930398,23605.7667262,39909.8890912,723.145988363,-187500.022352,-187500.022352,-187500.022352,-187500.022352,
96.069794178,178,48670.5435718,23604.0232902,39909.1738354,744.693070017,-187500.022352,-187500.022352,-187500.022352,-187500.022352,
96.0766949654,179,48662.3404816,23591.3498511,39898.7355708,745.050697929,-187500.022352,-187500.022352,-187500.022352,-187500.022352,
96.1049790382,180,48668.7554322,23604.0456419,39909.3302976,734.768895479,-187500.022352,-187500.022352,-187500.022352,-187500.022352,
96.1327781677,181,48690.5483831,23624.2963224,39925.825885,741.385011838,-187500.022352,-187500.022352,-187500.022352,-187500.022352,
96.1656060219,182,48707.6251158,23631.0912527,39934.051327,762.485058604,-187500.022352,-187500.022352,-187500.022352,-187500.022352,
96.1740751266,183,48702.2606972,23630.3983486,39933.3584229,772.453936631,-187500.022352,-187500.022352,-187500.022352,-187500.022352,
96.1806340218,184,48687.2626766,23631.1136044,39934.6101206,754.214913155,-187500.022352,-187500.022352,-187500.022352,-187500.022352,
96.2389211655,185,48702.6406768,23649.7326076,39951.9103708,751.77857301,-187500.022352,-187500.022352,-187500.022352,-187500.022352,
96.2599220276,186,48705.4122931,23648.995,39948.3564434,765.860172017,-187500.022352,-187500.022352,-187500.022352,-187500.022352,
96.2682330608,187,48686.5474208,23634.6004766,39932.2855392,773.146840709,-187500.022352,-187500.022352,-187500.022352,-187500.022352,
96.2760441303,188,48685.1169092,23632.9687992,39929.4692194,760.272235903,-187500.022352,-187500.022352,-187500.022352,-187500.022352,
96.2825171947,189,48709.4132554,23643.8540988,39938.8793038,757.835895757,-187500.022352,-187500.022352,-187500.022352,-187500.022352,
96.3327491283,190,48727.2722992,23653.5994594,39944.8472196,776.276084933,-187500.022352,-187500.022352,-187500.022352,-187500.022352,
96.3391301632,191,48699.1314529,23643.138843,39940.2874637,781.618151858,-187500.022352,-187500.022352,-187500.022352,-187500.022352,
96.349545002,192,48701.4113309,23649.3526279,39951.4186324,780.634675102,-187500.022352,-187500.022352,-187500.022352,-187500.022352,
96.3891949654,193,48715.1129502,23663.3671717,39963.0191878,771.090480219,-187500.022352,-187500.022352,-187500.022352,-187500.022352,
96.4137411118,194,48720.5220724,23672.7102009,39969.0318071,778.533611123,-187500.022352,-187500.022352,-187500.022352,-187500.022352,
96.4225490093,195,48715.045895,23668.1280933,39964.6732169,792.61521013,-187500.022352,-187500.022352,-187500.022352,-187500.022352,
96.4289710522,196,48720.3656102,23671.0114683,39967.3554262,795.252715975,-187500.022352,-187500.022352,-187500.022352,-187500.022352,
96.4950239658,197,48737.084715,23681.9638231,39975.4020542,786.64729436,-187500.022352,-187500.022352,-187500.022352,-187500.022352,
96.5160541534,198,48756.24016,23690.5692447,39980.4759002,797.443186932,-187500.022352,-187500.022352,-187500.022352,-187500.022352,
96.5237050056,199,48755.279035,23690.2339685,39980.4535485,822.790065144,-187500.022352,-187500.022352,-187500.022352,-187500.022352,
96.5570061207,200,48742.7173546,23687.7305731,39979.358313,823.9747076,-187500.022352,-187500.022352,-187500.022352,-187500.022352,
96.6038529873,201,48753.3344332,23703.2873873,39991.1376823,808.172024271,-187500.022352,-187500.022352,-187500.022352,-187500.022352,
96.6150560379,202,48775.5520672,23715.1338118,40000.525415,804.90866958,-187500.022352,-187500.022352,-187500.022352,-187500.022352,
96.6548349857,203,48775.8202882,23716.4525648,40000.1007319,825.852254135,-187500.022352,-187500.022352,-187500.022352,-187500.022352,
96.661082983,204,48749.9369681,23707.0648321,39990.4224265,825.874605879,-187500.022352,-187500.022352,-187500.022352,-187500.022352,
96.6704950333,205,48750.2722442,23720.4982305,40003.8558249,813.894070851,-187500.022352,-187500.022352,-187500.022352,-187500.022352,
96.6856050491,206,48773.6074655,23739.9665999,40024.3523746,819.638469176,-187500.022352,-187500.022352,-187500.022352,-187500.022352,
96.7414929867,207,48781.7658522,23744.4369488,40029.5379793,836.11170484,-187500.022352,-187500.022352,-187500.022352,-187500.022352,
96.7485339642,208,48783.3304743,23740.7712627,40024.2853194,844.448905522,-187500.022352,-187500.022352,-187500.022352,-187500.022352,
96.768280983,209,48792.5170413,23748.8178907,40028.1074677,839.732687441,-187500.022352,-187500.022352,-187500.022352,-187500.022352,
96.8474299908,210,48785.4985935,23746.1133297,40022.2289589,820.957222099,-187500.022352,-187500.022352,-187500.022352,-187500.022352,
96.8896889687,211,48762.4315932,23738.3572743,40014.4952553,825.382867501,-187500.022352,-187500.022352,-187500.022352,-187500.022352,
96.9010281563,212,48755.9272356,23728.589562,40010.0472581,839.844446164,-187500.022352,-187500.022352,-187500.022352,-187500.022352,
96.9091830254,213,48752.2391978,23721.1240794,40003.7440662,821.538367455,-187500.022352,-187500.022352,-187500.022352,-187500.022352,
96.9398500919,214,48762.6551107,23728.1425271,40008.1920634,800.035989289,-187500.022352,-187500.022352,-187500.022352,-187500.022352,
96.9895851612,215,48766.387852,23730.8694399,40008.9296709,801.712370123,-187500.022352,-187500.022352,-187500.022352,-187500.022352,
97.0000350475,216,48748.0817733,23714.7314804,39996.1668248,807.345009726,-187500.022352,-187500.022352,-187500.022352,-187500.022352,
97.0204181671,217,48752.216846,23712.8092304,39994.3786853,807.657934148,-187500.022352,-187500.022352,-187500.022352,-187500.022352,
97.0678701401,218,48766.0078723,23720.5876375,40001.4418365,797.622000888,-187500.022352,-187500.022352,-187500.022352,-187500.022352,
97.0884611607,219,48767.1478113,23723.8733439,40003.3640866,799.901878822,-187500.022352,-187500.022352,-187500.022352,-187500.022352,
97.1373260021,220,48753.5355989,23714.9102944,39996.3903423,813.849367362,-187500.022352,-187500.022352,-187500.022352,-187500.022352,
97.1442849636,221,48731.0273923,23693.0279366,39974.5079845,792.726968852,-187500.022352,-187500.022352,-187500.022352,-187500.022352,
97.1540350914,222,48757.7824304,23701.8568756,39982.599316,778.041872745,-187500.022352,-187500.022352,-187500.022352,-187500.022352,
97.1604700089,223,48772.1098986,23707.42246,39982.420502,783.607457114,-187500.022352,-187500.022352,-187500.022352,-187500.022352,
97.2257211208,224,48742.4267819,23696.2465878,39979.7382927,797.756111354,-187500.022352,-187500.022352,-187500.022352,-187500.022352,
97.2584431171,225,48702.6406768,23688.0211458,39969.5011937,788.122509494,-187500.022352,-187500.022352,-187500.022352,-187500.022352,
97.2680370808,226,48696.4715953,23691.5750732,39969.8811734,769.011767985,-187500.022352,-187500.022352,-187500.022352,-187500.022352,
97.2748739719,227,48719.4491886,23703.309739,39981.5264322,772.275122675,-187500.022352,-187500.022352,-187500.022352,-187500.022352,
97.3278510571,228,48717.2587177,23692.200922,39973.8150804,784.79209957,-187500.022352,-187500.022352,-187500.022352,-187500.022352,
97.3696460724,229,48700.1819849,23679.5721864,39960.9628273,785.797928071,-187500.022352,-187500.022352,-187500.022352,-187500.022352,
97.3766930103,230,48700.2713919,23678.0522678,39955.2631325,771.112831964,-187500.022352,-187500.022352,-187500.022352,-187500.022352,
97.3892211914,231,48715.9846683,23688.6916982,39967.288371,770.24111393,-187500.022352,-187500.022352,-187500.022352,-187500.022352,
97.4158911705,232,48702.1712902,23680.399201,39960.5157924,780.545268124,-187500.022352,-187500.022352,-187500.022352,-187500.022352,
97.454321146,233,48679.61838,23668.7762938,39950.0104725,785.105023993,-187500.022352,-187500.022352,-187500.022352,-187500.022352,
97.4615061283,234,48678.7913655,23665.3117735,39947.2835597,768.251808673,-187500.022352,-187500.022352,-187500.022352,-187500.022352,
97.4716210365,235,48696.3821884,23675.7276864,39954.257304,764.049680716,-187500.022352,-187500.022352,-187500.022352,-187500.022352,
97.4908471107,236,48692.917668,23668.1280933,39945.4507167,763.289721404,-187500.022352,-187500.022352,-187500.022352,-187500.022352,
97.5335719585,237,48678.3890341,23653.9347355,39932.7102223,767.916532507,-187500.022352,-187500.022352,-187500.022352,-187500.022352,
97.5415010452,238,48666.6543682,23648.816186,39926.876417,750.884503232,-187500.022352,-187500.022352,-187500.022352,-187500.022352,
97.55072999,239,48674.6115893,23661.1096455,39936.7111846,744.558959551,-187500.022352,-187500.022352,-187500.022352,-187500.022352,
97.5719490051,240,48690.5260313,23669.2680322,39945.7636411,759.601683569,-187500.022352,-187500.022352,-187500.022352,-187500.022352,
97.6229820251,241,48671.6835107,23654.8958605,39932.1961322,755.153686423,-187500.022352,-187500.022352,-187500.022352,-187500.022352,
97.6653289795,242,48655.1208681,23643.2729534,39919.4556379,734.455971057,-187500.022352,-187500.022352,-187500.022352,-187500.022352,
97.673304081,243,48668.0178247,23650.134939,39925.6470711,721.491959273,-187500.022352,-187500.022352,-187500.022352,-187500.022352,
97.6829571724,244,48684.5804673,23661.1990525,39936.241798,737.965194936,-187500.022352,-187500.022352,-187500.022352,-187500.022352,
97.7025179863,245,48681.898258,23652.7053896,39930.028013,753.276139888,-187500.022352,-187500.022352,-187500.022352,-187500.022352,
97.7427301407,246,48663.3239583,23647.4303779,39925.3117949,749.051660186,-187500.022352,-187500.022352,-187500.022352,-187500.022352,
97.7526171207,247,48657.8030774,23656.8181106,39933.4254782,735.57355828,-187500.022352,-187500.022352,-187500.022352,-187500.022352,
97.7591121197,248,48669.6047985,23664.7082764,39941.4944579,740.513293804,-187500.022352,-187500.022352,-187500.022352,-187500.022352,
97.8076331615,249,48671.0576619,23661.1319972,39938.9687108,759.15464868,-187500.022352,-187500.022352,-187500.022352,-187500.022352,
97.8316431046,250,48670.5882753,23649.4420349,39927.7704868,761.702747548,-187500.022352,-187500.022352,-187500.022352,-187500.022352,
97.8930351734,251,48682.3899963,23668.6645351,39944.6907574,754.013747455,-187500.022352,-187500.022352,-187500.022352,-187500.022352,
97.9057531357,252,48721.7290666,23716.0502334,39987.4272928,781.573448369,-187500.022352,-187500.022352,-187500.022352,-187500.022352,
97.9471960068,253,48722.3325637,23720.4758788,39990.7577027,804.171062013,-187500.022352,-187500.022352,-187500.022352,-187500.022352,
97.9678990841,254,48701.2995721,23699.2640733,39970.2388013,792.168175241,-187500.022352,-187500.022352,-187500.022352,-187500.022352,
97.9815330505,255,48704.4064646,23695.6654424,39967.0648536,771.537515108,-187500.022352,-187500.022352,-187500.022352,-187500.022352,
98.0345270634,0,48686.9274005,23679.2369103,39952.5809231,740.960328693,-187500.022352,-187500.022352,-187500.022352,-187500.022352,
98.0594191551,1,48667.9284177,23658.5168431,39933.4925334,733.606604768,-187500.022352,-187500.022352,-187500.022352,-187500.022352,
98.0690591335,2,48717.4151799,23700.8510471,39975.8714409,789.933000795,-187500.022352,-187500.022352,-187500.022352,-187500.022352,
98.0757679939,3,48898.5313652,23878.7932847,40142.0343092,912.644077855,-187500.022352,-187500.022352,-187500.022352,-187500.022352,
98.0917031765,4,48802.4859193,23800.2492547,40058.5281919,831.060210593,-187500.022352,-187500.022352,-187500.022352,-187500.022352,
98.1281299591,5,48712.2295752,23716.1396403,39977.9054496,783.741567581,-187500.022352,-187500.022352,-187500.022352,-187500.022352,
98.165345192,6,48659.3006443,23673.5148637,39943.2602457,772.118660464,-187500.022352,-187500.022352,-187500.022352,-187500.022352,
98.1721260548,7,48652.7962867,23666.2728985,39938.2981584,758.975834724,-187500.022352,-187500.022352,-187500.022352,-187500.022352,
98.179954052,8,48670.4318131,23681.4720847,39947.261208,754.751355022,-187500.022352,-187500.022352,-187500.022352,-187500.022352,
98.1927301884,9,48683.3958248,23693.0502883,39954.9055046,766.53072435,-187500.022352,-187500.022352,-187500.022352,-187500.022352,
98.236552,10,48684.7369295,23687.6188144,39953.1397168,779.986474512,-187500.022352,-187500.022352,-187500.022352,-187500.022352,
98.2470979691,11,48686.3686068,23682.2543958,39946.7024144,771.671625575,-187500.022352,-187500.022352,-187500.022352,-187500.022352,
98.2561311722,12,48713.7047903,23701.0745646,39959.4876122,764.228494671,-187500.022352,-187500.022352,-187500.022352,-187500.022352,
98.2734971046,13,48719.6503543,23709.9035036,39964.315589,770.598741841,-187500.022352,-187500.022352,-187500.022352,-187500.022352,
98.3206441402,14,48720.6785346,23709.1435443,39969.0318071,790.447090917,-187500.022352,-187500.022352,-187500.022352,-187500.022352,
98.3656611443,15,48699.8690605,23702.9074076,39968.0036268,780.858192546,-187500.022352,-187500.022352,-187500.022352,-187500.022352,
98.3733589649,16,48702.6183251,23716.609027,39976.9443246,775.583180855,-187500.022352,-187500.022352,-187500.022352,-187500.022352,
98.396846056,17,48732.010869,23741.8664982,39999.9666214,794.313942708,-187500.022352,-187500.022352,-187500.022352,-187500.022352,
98.4034640789,18,48743.6561279,23754.3834751,40014.2270344,824.265280278,-187500.022352,-187500.022352,-187500.022352,-187500.022352,
98.4561929703,19,48729.5074736,23741.1735941,40000.0560284,818.476178464,-187500.022352,-187500.022352,-187500.022352,-187500.022352,
98.4645769596,20,48718.6445258,23729.640094,39986.4885195,782.378111169,-187500.022352,-187500.022352,-187500.022352,-187500.022352,
98.4729039669,21,48728.3228312,23734.4233673,39991.0259236,772.968026753,-187500.022352,-187500.022352,-187500.022352,-187500.022352,
98.5436530113,22,48717.3704764,23722.2640183,39982.4652055,782.489869891,-187500.022352,-187500.022352,-187500.022352,-187500.022352,
98.5834181309,23,48706.1499007,23707.1095356,39968.2941995,774.107965721,-187500.022352,-187500.022352,-187500.022352,-187500.022352,
98.5897490978,24,48717.8845665,23708.294178,39968.7859379,760.160477181,-187500.022352,-187500.022352,-187500.022352,-187500.022352,
98.6005811691,25,48729.8427498,23715.3349775,39972.362217,754.974872467,-187500.022352,-187500.022352,-187500.022352,-187500.022352,
98.6070010662,26,48717.0799037,23718.5759805,39973.9268391,770.710500563,-187500.022352,-187500.022352,-187500.022352,-187500.022352,
98.6302471161,27,48688.626133,23706.0590036,39965.5449349,774.845573288,-187500.022352,-187500.022352,-187500.022352,-187500.022352,
98.6818079948,28,48685.1392609,23706.9977769,39966.8413361,767.313035406,-187500.022352,-187500.022352,-187500.022352,-187500.022352,
98.7175421715,29,48698.3267901,23715.8267159,39973.0998246,761.993320226,-187500.022352,-187500.022352,-187500.022352,-187500.022352,
98.724820137,30,48691.688322,23714.418556,39971.490499,771.671625575,-187500.022352,-187500.022352,-187500.022352,-187500.022352,
98.7344040871,31,48681.7864992,23699.1970181,39956.9395133,773.459765131,-187500.022352,-187500.022352,-187500.022352,-187500.022352,
98.772454977,32,48680.6465603,23692.200922,39951.3739289,758.662910302,-187500.022352,-187500.022352,-187500.022352,-187500.022352,
99.4775099754,34,48709.5250141,23708.0706606,39964.3826442,766.463669117,-187500.022352,-187500.022352,-187500.022352,-187500.022352,
99.5427350998,35,48698.5950111,23697.274768,39957.6547691,778.980646012,-187500.022352,-187500.022352,-187500.022352,-187500.022352,
99.5533950329,36,48689.3860924,23695.7101459,39954.2796557,772.431584887,-187500.022352,-187500.022352,-187500.022352,-187500.022352,
99.5602400303,37,48708.5638891,23719.2465328,39966.9754466,782.042835002,-187500.022352,-187500.022352,-187500.022352,-187500.022352,
99.5963189602,38,48707.5357088,23718.0395386,39966.0143216,776.678416333,-187500.022352,-187500.022352,-187500.022352,-187500.022352,
99.6553940773,39,48685.653351,23684.6013289,39951.4409842,756.69595679,-187500.022352,-187500.022352,-187500.022352,-187500.022352,
99.7071800232,40,48694.1023104,23680.6450702,39956.0454435,748.962253208,-187500.022352,-187500.022352,-187500.022352,-187500.022352,
99.7163581848,41,48708.8768135,23697.0736023,39967.7354059,748.425811342,-187500.022352,-187500.022352,-187500.022352,-187500.022352,
99.7670869827,42,48720.4550171,23703.2650355,39971.490499,750.102192176,-187500.022352,-187500.022352,-187500.022352,-187500.022352,
99.7743229866,43,48715.7164473,23691.9774046,39967.6012954,743.843703728,-187500.022352,-187500.022352,-187500.022352,-187500.022352,
99.7855010033,44,48714.6882671,23681.4944364,39961.163993,738.680450759,-187500.022352,-187500.022352,-187500.022352,-187500.022352,
99.7923221588,45,48720.1420927,23689.22814,39968.0706821,738.389878081,-187500.022352,-187500.022352,-187500.022352,-187500.022352,
99.8513979912,46,48713.123645,23694.4360965,39971.8034234,741.988508938,-187500.022352,-187500.022352,-187500.022352,-187500.022352,
99.9091620445,47,48721.9078805,23693.2738058,39971.7810716,760.294587647,-187500.022352,-187500.022352,-187500.022352,-187500.022352,
99.9404230118,48,48720.3432584,23688.4905325,39967.8471646,771.04577673,-187500.022352,-187500.022352,-187500.022352,-187500.022352,
99.950289011,189,48675.5727143,23862.3424008,40043.9772062,605.531109039,-187500.022352,-187500.022352,-187500.022352,-187500.022352,
99.9922111034,190,48673.1810776,23867.662116,40049.5874941,596.925687423,-187500.022352,-187500.022352,-187500.022352,-187500.022352,
100.045331001,191,48665.626188,23871.2607469,40053.2755319,589.326094309,-187500.022352,-187500.022352,-187500.022352,-187500.022352,
100.055695057,192,48658.1830571,23872.5794998,40053.7449186,597.26096359,-187500.022352,-187500.022352,-187500.022352,-187500.022352,
100.070109129,193,48658.3395193,23866.8127497,40047.2182092,608.258021862,-187500.022352,-187500.022352,-187500.022352,-187500.022352,
100.112768173,194,48656.6407867,23860.7330752,40041.4514591,597.305667079,-187500.022352,-187500.022352,-187500.022352,-187500.022352,
100.149533033,195,48665.3132636,23868.8467585,40045.2512557,585.839222174,-187500.022352,-187500.022352,-187500.022352,-187500.022352,
100.156502962,196,48677.9419992,23870.3443253,40048.112279,599.563193269,-187500.022352,-187500.022352,-187500.022352,-187500.022352,
100.166299105,197,48675.77388,23862.5659183,40042.5466946,606.08990265,-187500.022352,-187500.022352,-187500.022352,-187500.022352,
100.219130039,198,48663.1227926,23857.2238513,40036.1987992,596.076321134,-187500.022352,-187500.022352,-187500.022352,-187500.022352,
100.258840084,199,48659.9488449,23868.2879649,40042.2784736,586.710940207,-187500.022352,-187500.022352,-187500.022352,-187500.022352,
100.269196033,200,48660.1947141,23872.0430579,40045.6759388,592.74591121,-187500.022352,-187500.022352,-187500.022352,-187500.022352,
100.276226997,201,48651.2763681,23869.9866974,40044.8936278,605.799329972,-187500.022352,-187500.022352,-187500.022352,-187500.022352,
100.288470984,202,48644.9508244,23861.8953659,40040.0880027,592.209469343,-187500.022352,-187500.022352,-187500.022352,-187500.022352,
100.341173172,203,48673.0022637,23867.4162468,40044.5583516,586.263905318,-187500.022352,-187500.022352,-187500.022352,-187500.022352,
100.349868059,204,48673.8963334,23873.60768,40049.0287005,584.743986695,-187500.022352,-187500.022352,-187500.022352,-187500.022352,
100.400321007,205,48654.1820948,23866.2986596,40044.2230754,594.1987746,-187500.022352,-187500.022352,-187500.022352,-187500.022352,
100.406946182,206,48643.1626848,23861.805959,40041.3173486,592.678855977,-187500.022352,-187500.022352,-187500.022352,-187500.022352,
100.417032003,207,48636.412458,23866.9245084,40043.3737091,582.553515739,-187500.022352,-187500.022352,-187500.022352,-187500.022352,
100.435595036,208,48641.7545249,23865.9410317,40040.4903341,580.519506993,-187500.022352,-187500.022352,-187500.022352,-187500.022352,
100.481518984,209,48645.9119494,23866.1869009,40037.4281451,588.052044875,-187500.022352,-187500.022352,-187500.022352,-187500.022352,
100.488360167,210,48652.7739349,23864.7340375,40037.3387381,592.209469343,-187500.022352,-187500.022352,-187500.022352,-187500.022352,
100.500053167,211,48660.462935,23863.6835055,40038.657491,585.503946007,-187500.022352,-187500.022352,-187500.022352,-187500.022352,
100.527909994,212,48673.2928363,23872.8924242,40045.7206423,596.25513509,-187500.022352,-187500.022352,-187500.022352,-187500.022352,
100.569144011,213,48670.700034,23874.8146742,40047.7993545,608.705056751,-187500.022352,-187500.022352,-187500.022352,-187500.022352,
100.604290009,214,48653.2209698,23866.7233427,40040.5350376,604.860556705,-187500.022352,-187500.022352,-187500.022352,-187500.022352,
100.614104033,215,48652.9527489,23875.3734678,40048.6040173,609.934402696,-187500.022352,-187500.022352,-187500.022352,-187500.022352,
100.621134043,216,48669.9847782,23891.3102616,40061.5903809,617.913975467,-187500.022352,-187500.022352,-187500.022352,-187500.022352,
100.640455008,217,48665.8720572,23885.4988081,40055.7118721,610.381437586,-187500.022352,-187500.022352,-187500.022352,-187500.022352,
100.698127985,218,48655.8584757,23879.2179679,40050.3921569,610.537899797,-187500.022352,-187500.022352,-187500.022352,-187500.022352,
100.730451107,219,48645.1743418,23871.68543,40041.898494,591.829489688,-187500.022352,-187500.022352,-187500.022352,-187500.022352,
100.738140106,220,48645.1296383,23870.2549184,40040.1774097,578.507849992,-187500.022352,-187500.022352,-187500.022352,-187500.022352,
100.744958162,221,48640.3240133,23872.0654097,40044.4465929,589.259039075,-187500.022352,-187500.022352,-187500.022352,-187500.022352,
100.760630131,222,48628.5893474,23858.0061624,40033.2260171,592.008303643,-187500.022352,-187500.022352,-187500.022352,-187500.022352,
100.83219099,223,48647.0742401,23860.576613,40037.3387381,586.375664041,-187500.022352,-187500.022352,-187500.022352,-187500.022352,
100.885046959,224,48674.3433683,23871.0372294,40047.9558167,583.604047728,-187500.022352,-187500.022352,-187500.022352,-187500.022352,
100.903758049,225,48664.0168624,23874.0770667,40051.0627092,587.02386463,-187500.022352,-187500.022352,-187500.022352,-187500.022352,
100.917297125,226,48641.9556906,23871.4172091,40046.4806016,596.366893812,-187500.022352,-187500.022352,-187500.022352,-187500.022352,
100.971482038,227,48649.5552837,23873.7417905,40047.7099476,598.244440346,-187500.022352,-187500.022352,-187500.022352,-187500.022352,
100.983642101,228,48648.0577169,23875.7757992,40047.6428923,584.408710528,-187500.022352,-187500.022352,-187500.022352,-187500.022352,
101.002885103,229,48640.2122545,23879.0615057,40052.0685377,585.57100124,-187500.022352,-187500.022352,-187500.022352,-187500.022352,
101.048917055,230,48640.0781441,23878.3462499,40051.3309302,594.3999403,-187500.022352,-187500.022352,-187500.022352,-187500.022352,
101.055739164,231,48639.1617226,23873.4735696,40047.061747,592.835318188,-187500.022352,-187500.022352,-187500.022352,-187500.022352,
101.065407991,232,48650.8069814,23875.9322615,40046.3241394,575.177440068,-187500.022352,-187500.022352,-187500.022352,-187500.022352,
101.086838961,233,48665.6708915,23885.0070697,40052.4038139,577.546724981,-187500.022352,-187500.022352,-187500.022352,-187500.022352,
101.144836187,234,48658.4065745,23878.2121394,40050.034529,589.393149542,-187500.022352,-187500.022352,-187500.022352,-187500.022352,
101.178769112,235,48626.0188968,23871.4619126,40041.7420318,584.341655295,-187500.022352,-187500.022352,-187500.022352,-187500.022352,
101.185791016,236,48634.3337458,23876.6251655,40044.871276,578.172573825,-187500.022352,-187500.022352,-187500.022352,-187500.022352,
101.194844007,237,48650.2705396,23886.2811191,40053.789622,582.285294805,-187500.022352,-187500.022352,-187500.022352,-187500.022352,
101.201080084,238,48644.4143825,23887.4657616,40051.2191714,591.002475143,-187500.022352,-187500.022352,-187500.022352,-187500.022352,
101.253859997,239,48646.5154465,23882.3025086,40048.3134447,596.568059512,-187500.022352,-187500.022352,-187500.022352,-187500.022352,
101.261433125,240,48651.4998855,23883.6212616,40047.8217063,589.370797798,-187500.022352,-187500.022352,-187500.022352,-187500.022352,
101.269845963,241,48647.610682,23886.8846162,40050.7050813,583.224068072,-187500.022352,-187500.022352,-187500.022352,-187500.022352,
101.279898167,242,48638.7146877,23883.3530406,40051.3756336,591.248344332,-187500.022352,-187500.022352,-187500.022352,-187500.022352,
101.332479,243,48628.4105335,23878.3462499,40047.754651,594.377588556,-187500.022352,-187500.022352,-187500.022352,-187500.022352,
101.339401007,244,48635.4289812,23878.770933,40046.4135464,585.503946007,-187500.022352,-187500.022352,-187500.022352,-187500.022352,
101.395052195,245,48645.8672459,23883.8894825,40051.6885581,578.485498248,-187500.022352,-187500.022352,-187500.022352,-187500.022352,
101.427860975,246,48646.2025221,23886.3928779,40053.3425872,580.139527337,-187500.022352,-187500.022352,-187500.022352,-187500.022352,
101.437462091,247,48640.8828069,23880.1790929,40046.3688429,582.754681439,-187500.022352,-187500.022352,-187500.022352,-187500.022352,
101.444610119,248,48638.3123563,23882.7495435,40047.5534853,579.871306404,-187500.022352,-187500.022352,-187500.022352,-187500.022352,
101.465751171,249,48647.8789029,23891.1985029,40052.9402558,576.227972058,-187500.022352,-187500.022352,-187500.022352,-187500.022352,
101.526556015,250,48649.1529523,23893.9701192,40056.0247965,576.54089648,-187500.022352,-187500.022352,-187500.022352,-187500.022352,
101.565804005,251,48641.396897,23889.8573983,40053.5661046,582.955847139,-187500.022352,-187500.022352,-187500.022352,-187500.022352,
101.57347703,252,48628.4105335,23881.6990115,40044.2901306,578.261980803,-187500.022352,-187500.022352,-187500.022352,-187500.022352,
101.580327034,253,48625.9518416,23887.7116308,40048.4922586,570.707091177,-187500.022352,-187500.022352,-187500.022352,-187500.022352,
101.590933084,254,48636.412458,23896.2723489,40054.5048779,572.741099923,-187500.022352,-187500.022352,-187500.022352,-187500.022352,
101.642616034,255,48632.9479376,23888.9856802,40050.3921569,574.618646457,-187500.022352,-187500.022352,-187500.022352,-187500.022352,
101.653059006,0,48623.1355218,23884.1129999,40047.6205406,572.942265623,-187500.022352,-187500.022352,-187500.022352,-187500.022352,
101.659909964,1,48638.2676528,23896.875846,40062.3503402,566.080280075,-187500.022352,-187500.022352,-187500.022352,-187500.022352,
101.680204153,2,48669.470688,23921.4180614,40077.9071543,578.686663948,-187500.022352,-187500.022352,-187500.022352,-187500.022352,
101.723399162,3,48649.8235047,23894.4395059,40057.6341221,586.755643696,-187500.022352,-187500.022352,-187500.022352,-187500.022352,
101.733857155,4,48635.272519,23848.4843193,40035.95293,586.129794852,-187500.022352,-187500.022352,-187500.022352,-187500.022352,
101.740818977,5,48667.7049002,23851.5018048,40048.9392935,600.680780492,-187500.022352,-187500.022352,-187500.022352,-187500.022352,
101.761612177,6,48685.9439237,23842.3599413,40054.1696017,603.474748549,-187500.022352,-187500.022352,-187500.022352,-187500.022352,
101.83991313,7,48695.6222291,23815.359034,40047.2852644,627.055838949,-187500.022352,-187500.022352,-187500.022352,-187500.022352,
101.881592989,8,48697.4774238,23778.2551382,40031.7955055,636.085943709,-187500.022352,-187500.022352,-187500.022352,-187500.022352,
101.890503168,9,48719.7397613,23766.2522514,40035.5282468,633.917824497,-187500.022352,-187500.022352,-187500.022352,-187500.022352,
101.897504091,10,48737.7552674,23751.678914,40035.1706189,639.617519333,-187500.022352,-187500.022352,-187500.022352,-187500.022352,
101.90846014,11,48736.1012383,23722.0181491,40022.1842554,655.688423596,-187500.022352,-187500.022352,-187500.022352,-187500.022352,
101.958925962,12,48744.7066599,23700.0240326,40012.9529849,675.715586628,-187500.022352,-187500.022352,-187500.022352,-187500.022352,
102.004639149,13,48745.5113227,23673.7607329,40000.4583598,673.212191249,-187500.022352,-187500.022352,-187500.022352,-187500.022352,
102.014291048,14,48766.7454799,23667.2340235,40001.9335749,681.482336698,-187500.022352,-187500.022352,-187500.022352,-187500.022352,
102.058062077,15,48785.364483,23663.6130409,40001.8888714,695.675694427,-187500.022352,-187500.022352,-187500.022352,-187500.022352,
102.096856117,16,48775.7755847,23628.1855259,39979.4924235,711.880709157,-187500.022352,-187500.022352,-187500.022352,-187500.022352,
102.105071068,17,48782.570515,23617.0990607,39972.0492926,715.211119081,-187500.022352,-187500.022352,-187500.022352,-187500.022352,
102.114242077,18,48800.8765937,23621.8376305,39975.156185,713.780607436,-187500.022352,-187500.022352,-187500.022352,-187500.022352,
102.173840046,19,48794.0593116,23610.5052961,39967.9589233,721.491959273,-187500.022352,-187500.022352,-187500.022352,-187500.022352,
102.203485012,20,48788.2031546,23601.4081361,39962.0804145,738.546340292,-187500.022352,-187500.022352,-187500.022352,-187500.022352,
102.239629984,21,48792.9864279,23596.2672348,39957.7218244,736.624090269,-187500.022352,-187500.022352,-187500.022352,-187500.022352,
102.252438068,22,48799.9601722,23604.470325,39964.2708855,722.363677307,-187500.022352,-187500.022352,-187500.022352,-187500.022352,
102.265360117,23,48808.1185589,23613.3439676,39971.2893333,729.00214541,-187500.022352,-187500.022352,-187500.022352,-187500.022352,
102.320569038,24,48801.0777594,23609.722985,39968.5177169,743.575482795,-187500.022352,-187500.022352,-187500.022352,-187500.022352,
102.330872059,25,48786.3926633,23601.5422465,39959.1746878,740.49094206,-187500.022352,-187500.022352,-187500.022352,-187500.022352,
102.338157177,26,48791.2206401,23609.3877088,39964.4944029,729.672697743,-187500.022352,-187500.022352,-187500.022352,-187500.022352,
102.359639168,27,48803.3129338,23617.6131508,39968.6741792,726.968136664,-187500.022352,-187500.022352,-187500.022352,-187500.022352,
102.401890993,28,48791.2429918,23613.7015955,39963.086243,734.813598968,-187500.022352,-187500.022352,-187500.022352,-187500.022352,
102.458038092,29,48779.7318434,23607.7783832,39957.140679,738.769857737,-187500.022352,-187500.022352,-187500.022352,-187500.022352,
102.467280149,30,48784.582172,23609.8347437,39956.8948098,730.633822755,-187500.022352,-187500.022352,-187500.022352,-187500.022352,
102.475260019,31,48786.6608842,23616.9202467,39960.8510686,724.531796519,-187500.022352,-187500.022352,-187500.022352,-187500.022352,
102.497792959,32,48784.1127854,23619.4236421,39961.0298826,735.104171646,-187500.022352,-187500.022352,-187500.022352,-187500.022352,
102.537376165,33,48780.469451,23613.746299,39956.5148302,741.586177538,-187500.022352,-187500.022352,-187500.022352,-187500.022352,
102.549337149,34,48781.2070586,23616.0485287,39954.9949116,733.003107667,-187500.022352,-187500.022352,-187500.022352,-187500.022352,
102.565132141,35,48791.3100471,23626.0397584,39963.7791471,725.314107575,-187500.022352,-187500.022352,-187500.022352,-187500.022352,
102.613634109,36,48777.3849103,23622.5305346,39962.8850773,729.382125066,-187500.022352,-187500.022352,-187500.022352,-187500.022352,
102.620426178,37,48763.7726979,23615.93677,39956.268961,733.025459412,-187500.022352,-187500.022352,-187500.022352,-187500.022352,
102.632090092,38,48764.9126369,23617.3896333,39952.8714958,721.760180206,-187500.022352,-187500.022352,-187500.022352,-187500.022352,
102.644625187,39,48770.9923114,23631.4712324,39962.7062634,722.207215095,-187500.022352,-187500.022352,-187500.022352,-187500.022352,
102.692651987,40,48768.578323,23631.068901,39963.6003332,724.263575585,-187500.022352,-187500.022352,-187500.022352,-187500.022352,
102.702093124,41,48766.7678317,23624.6315985,39958.4147285,736.467628058,-187500.022352,-187500.022352,-187500.022352,-187500.022352,
102.712031126,42,48772.3110643,23625.0786334,39956.2913127,734.746543735,-187500.022352,-187500.022352,-187500.022352,-187500.022352,
102.76348114,43,48779.3965673,23630.6889213,39956.9842168,720.240261583,-187500.022352,-187500.022352,-187500.022352,-187500.022352,
102.776093006,44,48782.4140528,23633.7958138,39960.8287169,723.056581385,-187500.022352,-187500.022352,-187500.022352,-187500.022352,
102.835896969,45,48784.1351371,23629.3925201,39959.5323157,732.399610567,-187500.022352,-187500.022352,-187500.022352,-187500.022352,
102.856463194,46,48778.7260149,23626.3750346,39954.6372836,728.376296565,-187500.022352,-187500.022352,-187500.022352,-187500.022352,
102.906599045,47,48784.5598202,23633.9075725,39958.5711907,719.323840061,-187500.022352,-187500.022352,-187500.022352,-187500.022352,
102.937664986,48,48791.8017854,23643.3623604,39965.5002314,727.169302365,-187500.022352,-187500.022352,-187500.022352,-187500.022352,
102.955125093,49,48785.0739104,23636.8580028,39962.214525,741.027383927,-187500.022352,-187500.022352,-187500.022352,-187500.022352,
103.009559155,50,48780.8047272,23629.3254649,39953.6091034,740.915625205,-187500.022352,-187500.022352,-187500.022352,-187500.022352,
103.017302036,51,48776.624951,23630.2418864,39953.3632342,725.783494208,-187500.022352,-187500.022352,-187500.022352,-187500.022352,
103.02651,52,48777.8766486,23636.5897818,39959.9122953,722.743656962,-187500.022352,-187500.022352,-187500.022352,-187500.022352,
103.093259096,53,48781.2741138,23642.4682906,39963.5556297,737.227587369,-187500.022352,-187500.022352,-187500.022352,-187500.022352,
103.099903107,54,48776.3343783,23634.6675318,39956.2913127,740.423886827,-187500.022352,-187500.022352,-187500.022352,-187500.022352,
103.653687,56,48778.0107591,23637.1485754,39952.1785917,723.88359593,-187500.022352,-187500.022352,-187500.022352,-187500.022352,
103.730784178,57,48784.8280412,23639.9425435,39956.2913127,735.215930368,-187500.022352,-187500.022352,-187500.022352,-187500.022352,
103.803879976,58,48774.4568317,23637.1709272,39957.7218244,743.039040928,-187500.022352,-187500.022352,-187500.022352,-187500.022352,
103.839008093,59,48776.1108608,23640.3448749,39958.9288186,738.188712381,-187500.022352,-187500.022352,-187500.022352,-187500.022352,
103.895344973,60,48785.3421313,23639.7413778,39957.9006383,723.03422964,-187500.022352,-187500.022352,-187500.022352,-187500.022352,
103.904240131,61,48786.683236,23640.5907441,39959.0182256,729.918566933,-187500.022352,-187500.022352,-187500.022352,-187500.022352,
103.911036015,62,48766.0078723,23631.5382876,39951.2621702,736.288814102,-187500.022352,-187500.022352,-187500.022352,-187500.022352,
103.930426121,63,48759.391756,23630.4430521,39949.0269958,726.856377942,-187500.022352,-187500.022352,-187500.022352,-187500.022352,
103.994668007,64,48761.5375235,23635.6957121,39955.3301877,710.763121934,-187500.022352,-187500.022352,-187500.022352,-187500.022352,
104.017742157,65,48766.8348869,23641.0824825,39961.1416413,712.730075446,-187500.022352,-187500.022352,-187500.022352,-187500.022352,
104.045360088,66,48769.2488753,23634.5334213,39956.1124988,722.989526151,-187500.022352,-187500.022352,-187500.022352,-187500.022352,
104.054388046,67,48772.3781195,23629.7277963,39952.9385511,719.592060994,-187500.022352,-187500.022352,-187500.022352,-187500.022352,
104.103022099,68,48774.0545003,23640.0990057,39957.4536034,712.886537658,-187500.022352,-187500.022352,-187500.022352,-187500.022352,
104.14854908,69,48771.0593666,23645.0834447,39958.5711907,711.388970779,-187500.022352,-187500.022352,-187500.022352,-187500.022352,
104.159200191,70,48767.2819218,23636.0980435,39953.8996761,719.480302272,-187500.022352,-187500.022352,-187500.022352,-187500.022352,
104.23189497,211,48675.684473,23642.7141598,39904.2564516,701.688313685,-187500.022352,-187500.022352,-187500.022352,-187500.022352,
104.258293152,212,48666.2967403,23632.9240957,39897.2156521,695.876860127,-187500.022352,-187500.022352,-187500.022352,-187500.022352,
104.32832098,213,48679.1713451,23646.6033633,39904.927004,696.145081061,-187500.022352,-187500.022352,-187500.022352,-187500.022352,
104.366672039,214,48693.1411854,23658.963878,39915.4993791,697.039150839,-187500.022352,-187500.022352,-187500.022352,-187500.022352,
104.38300705,215,48696.1586709,23658.2933257,39915.9240622,704.281116042,-187500.022352,-187500.022352,-187500.022352,-187500.022352,
104.450798988,216,48676.0197492,23643.6529331,39901.9989254,696.659171183,-187500.022352,-187500.022352,-187500.022352,-187500.022352,
104.47776413,217,48682.9487899,23653.6888663,39907.9668412,694.759272904,-187500.022352,-187500.022352,-187500.022352,-187500.022352,
104.544263124,218,48693.2305924,23663.2777647,39915.8346553,695.161604305,-187500.022352,-187500.022352,-187500.022352,-187500.022352,
104.586709976,219,48694.3928831,23658.4944914,39914.7617715,703.76702592,-187500.022352,-187500.022352,-187500.022352,-187500.022352,
104.636516094,220,48687.754415,23648.2350407,39910.5819953,708.930278889,-187500.022352,-187500.022352,-187500.022352,-187500.022352,
104.657508135,221,48694.661104,23653.2641832,39914.7617715,706.516290488,-187500.022352,-187500.022352,-187500.022352,-187500.022352,
104.729902029,222,48700.1819849,23659.9473548,39918.7180303,696.368598505,-187500.022352,-187500.022352,-187500.022352,-187500.022352,
104.745212078,223,48691.8894877,23659.8579478,39917.4663326,698.044979339,-187500.022352,-187500.022352,-187500.022352,-187500.022352,
104.810436964,224,48690.9507145,23655.9240408,39914.806475,705.935145132,-187500.022352,-187500.022352,-187500.022352,-187500.022352,
104.883882046,225,48696.0245605,23654.5829361,39912.2360244,706.516290488,-187500.022352,-187500.022352,-187500.022352,-187500.022352,
104.910596132,226,48693.4094064,23658.8521193,39912.794818,693.418168237,-187500.022352,-187500.022352,-187500.022352,-187500.022352,
104.928076029,227,48691.5542116,23663.0989508,39920.059135,692.814671137,-187500.022352,-187500.022352,-187500.022352,-187500.022352,
104.99715519,228,48690.6824935,23659.0309333,39918.4945129,702.381217764,-187500.022352,-187500.022352,-187500.022352,-187500.022352,
105.012228966,229,48687.9555807,23654.7617501,39915.2088064,700.570726463,-187500.022352,-187500.022352,-187500.022352,-187500.022352,
105.074818134,230,48693.9011447,23658.4944914,39917.779257,691.831194381,-187500.022352,-187500.022352,-187500.022352,-187500.022352,
105.082846165,231,48695.6445808,23659.5003199,39917.1981117,693.373464748,-187500.022352,-187500.022352,-187500.022352,-187500.022352,
105.091835976,232,48698.8408803,23661.1990525,39917.2428152,705.421055009,-187500.022352,-187500.022352,-187500.022352,-187500.022352,
105.102408171,233,48700.2937436,23655.6781716,39910.4478849,701.084816585,-187500.022352,-187500.022352,-187500.022352,-187500.022352,
105.152769089,234,48709.6814763,23664.6412211,39919.2544722,692.032360081,-187500.022352,-187500.022352,-187500.022352,-187500.022352,
105.185409069,235,48714.08477,23672.352573,39923.9259868,697.419130494,-187500.022352,-187500.022352,-187500.022352,-187500.022352,
105.228140116,236,48706.7981013,23664.6635729,39915.3876204,697.754406661,-187500.022352,-187500.022352,-187500.022352,-187500.022352,
105.271807194,237,48693.9682,23655.901689,39908.682097,697.776758406,-187500.022352,-187500.022352,-187500.022352,-187500.022352,
105.282984972,238,48689.8331272,23659.1203402,39913.0183355,695.787453149,-187500.022352,-187500.022352,-187500.022352,-187500.022352,
105.329959154,239,48697.5444791,23667.6363549,39920.6849838,692.993485092,-187500.022352,-187500.022352,-187500.022352,-187500.022352,
105.348082066,240,48696.851575,23664.2612415,39919.0756582,700.973057863,-187500.022352,-187500.022352,-187500.022352,-187500.022352,
105.381039143,241,48690.2578104,23651.2525262,39908.4362279,704.951668376,-187500.022352,-187500.022352,-187500.022352,-187500.022352,
105.39115715,242,48694.6834558,23658.4721397,39910.961975,701.598906708,-187500.022352,-187500.022352,-187500.022352,-187500.022352,
105.40201211,243,48699.7796535,23664.5965176,39913.934757,699.408435751,-187500.022352,-187500.022352,-187500.022352,-187500.022352,
105.41258812,244,48699.4890808,23657.9356978,39908.9950215,701.643610197,-187500.022352,-187500.022352,-187500.022352,-187500.022352,
105.437222004,245,48691.7106738,23652.3477617,39907.7880273,705.398703265,-187500.022352,-187500.022352,-187500.022352,-187500.022352,
105.49516511,246,48693.4764616,23653.3982937,39910.3137744,698.469662484,-187500.022352,-187500.022352,-187500.022352,-187500.022352,
105.502007008,247,48706.0157902,23660.3273344,39916.035821,691.585325192,-187500.022352,-187500.022352,-187500.022352,-187500.022352,
105.510785103,248,48705.3675896,23661.2214042,39919.9026728,702.51532823,-187500.022352,-187500.022352,-187500.022352,-187500.022352,
105.517524004,249,48699.8020053,23654.6052879,39913.3983151,711.478377757,-187500.022352,-187500.022352,-187500.022352,-187500.022352,
105.589673042,250,48697.6562378,23655.8122821,39911.4760651,708.215023066,-187500.022352,-187500.022352,-187500.022352,-187500.022352,
105.621672153,251,48697.8127,23663.5459856,39915.9240622,699.810767151,-187500.022352,-187500.022352,-187500.022352,-187500.022352,
105.63280201,252,48698.0809209,23666.0270293,39918.8521408,705.152834076,-187500.022352,-187500.022352,-187500.022352,-187500.022352,
105.640897036,253,48694.4599383,23661.1990525,39916.3263936,711.411322524,-187500.022352,-187500.022352,-187500.022352,-187500.022352,
105.650978088,254,48690.9507145,23654.8064536,39910.961975,705.666924198,-187500.022352,-187500.022352,-187500.022352,-187500.022352,
105.676113129,255,48703.6465053,23661.8472531,39915.946414,697.061502583,-187500.022352,-187500.022352,-187500.022352,-187500.022352,
105.728221178,0,48714.08477,23670.0503433,39922.5401786,703.96819162,-187500.022352,-187500.022352,-187500.022352,-187500.022352,
105.751460075,1,48704.2052989,23664.1494827,39919.4556379,711.925412646,-187500.022352,-187500.022352,-187500.022352,-187500.022352,
105.762369156,2,48691.8894877,23654.3147152,39914.806475,710.53960449,-187500.022352,-187500.022352,-187500.022352,-187500.022352,
105.821573973,3,48698.5726593,23660.3049827,39919.5673966,702.11299683,-187500.022352,-187500.022352,-187500.022352,-187500.022352,
105.886742115,4,48718.4880636,23674.5430439,39929.7597921,706.22571781,-187500.022352,-187500.022352,-187500.022352,-187500.022352,
105.895642996,5,48709.3462001,23665.4458839,39921.7131641,708.460892255,-187500.022352,-187500.022352,-187500.022352,-187500.022352,
105.904134035,6,48698.2820866,23654.3594187,39911.6995825,704.661095698,-187500.022352,-187500.022352,-187500.022352,-187500.022352,
105.930464029,7,48703.758264,23661.6460874,39915.6781931,697.888517128,-187500.022352,-187500.022352,-187500.022352,-187500.022352,
105.967817068,8,48710.2402699,23671.8161311,39924.9318153,696.614467694,-187500.022352,-187500.022352,-187500.022352,-187500.022352,
106.043285131,9,48708.049799,23663.6800961,39920.3720594,700.928354374,-187500.022352,-187500.022352,-187500.022352,-187500.022352,
106.07160306,10,48702.0371797,23659.6120786,39913.3759634,702.358866019,-187500.022352,-187500.022352,-187500.022352,-187500.022352,
